{
    "name": "DbM CMS Admin Panel",
    "version": "1.0.0",
    "description": "The administration panel module.",
    "files": {
        "panelController": "_Documents/AdminPanel/src/Controller/PanelController.php",
        "pagelController": "_Documents/AdminPanel/src/Controller/PanelPageController.php",
        "toolsController": "_Documents/AdminPanel/src/Controller/PanelToolsController.php",
        "ajaxController": "_Documents/AdminPanel/src/Controller/PanelAjaxController.php",
        "panelService": "_Documents/AdminPanel/src/Service/PanelPageService.php",
        "toolsService": "_Documents/AdminPanel/src/Service/PanelToolsService.php",
        "ajaxService": "_Documents/AdminPanel/src/Service/PanelAjaxService.php",
        "pageForm": "_Documents/AdminPanel/src/Form/PanelPageForm.php",
        "monitorUtility": "_Documents/AdminPanel/src/Utility/ActivityMonitorUtility.php",
        "publicAdmin": "_Documents/AdminPanel/public/admin",
        "templates": "_Documents/AdminPanel/templates"
    },
    "target": {
        "panelController": "src/Controller/PanelController.php",
        "pagelController": "src/Controller/PanelPageController.php",
        "toolsController": "src/Controller/PanelToolsController.php",
        "ajaxController": "src/Controller/PanelAjaxController.php",
        "panelService": "src/Service/PanelPageService.php",
        "toolsService": "src/Service/PanelToolsService.php",
        "ajaxService": "src/Service/PanelAjaxService.php",
        "pageForm": "src/Form/PanelPageForm.php",
        "monitorUtility": "src/Utility/ActivityMonitorUtility.php",
        "publicAdmin": "public/admin",
        "templates": "templates"
    }
}
