{
    "name": "Install DbM Framework",
    "version": "1.0.0",
    "description": "Install support only",
    "files": {
        "installController": "_Documents/install/src/Controller/InstallController.php",
        "installService": "_Documents/install/src/Service/InstallService.php",
        "installModel": "_Documents/install/src/Model/InstallModel.php",
        "indexController": "_Documents/install/src/Controller/IndexController.php",
        "indexService": "_Documents/install/src/Service/IndexService.php",
        "tplComponent": "_Documents/install/templates/_component",
        "tplInclude": "_Documents/install/templates/_include",
        "tplInstall": "_Documents/install/templates/install",
        "tplIndex": "_Documents/install/templates/index",
        "translations": "_Documents/install/translations"
    },
    "target": {
        "installController": "src/Controller/InstallController.php",
        "installService": "src/Service/InstallService.php",
        "installModel": "src/Model/InstallModel.php",
        "indexController": "src/Controller/IndexController.php",
        "indexService": "src/Service/IndexService.php",
        "tplComponent": "templates/_component",
        "tplInclude": "templates/_include",
        "tplInstall": "templates/install",
        "tplIndex": "templates/index",
        "translations": "translations"
    }
}
