{
    "name": "DbM CMS Authentication",
    "version": "1.0.0",
    "description": "Authentication module.",
    "files": {
        "authController": "_Documents/Authentication/src/Controller/AuthenticationController.php",
        "authForm": "_Documents/Authentication/src/Form/AuthenticationForm.php",
        "authModel": "_Documents/Authentication/src/Model/AuthenticationModel.php",
        "authService": "_Documents/Authentication/src/Service/AuthenticationService.php",
        "accountController": "_Documents/Authentication/src/Controller/AccountController.php",
        "accountForm": "_Documents/Authentication/src/Form/AccountForm.php",
        "accountModel": "_Documents/Authentication/src/Model/AccountModel.php",
        "accountService": "_Documents/Authentication/src/Service/AccountService.php",
        "dataMailer": "_Documents/Authentication/data/mailer",
        "publicAvatar": "_Documents/Authentication/public/images/avatar",
        "templates": "_Documents/Authentication/templates",
        "translations": "_Documents/Authentication/translations"
    },
    "target": {
        "authController": "src/Controller/AuthenticationController.php",
        "authForm": "src/Form/AuthenticationForm.php",
        "authModel": "src/Model/AuthenticationModel.php",
        "authService": "src/Service/AuthenticationService.php",
        "accountController": "src/Controller/AccountController.php",
        "accountForm": "src/Form/AccountForm.php",
        "accountModel": "src/Model/AccountModel.php",
        "accountService": "src/Service/AccountService.php",
        "dataMailer": "data/mailer",
        "publicAvatar": "public/images/avatar",
        "templates": "templates",
        "translations": "translations"
    }
}
