{
    "home": {
        "link": {
            "name": "index",
            "title": "navbar.nav.home"
        },
        "order": 1
    },
    "about": {
        "link": {
            "name": "page",
            "params": {
                "slug": "about-us"
            },
            "title": "navbar.nav.about"
        },
        "order": 2
    },
    "contact": {
        "link": {
            "name": "page",
            "params": {
                "slug": "contact"
            },
            "title": "navbar.nav.contact"
        },
        "order": 3
    },
    "terms": {
        "link": {
            "name": "page",
            "params": {
                "slug": "terms"
            },
            "title": "navbar.nav.terms"
        },
        "order": 4
    }
}
